JCL,Project_Folder,App Code,DMO Scheduele,Dependency,Dep Job Last Run,DMO Last Run
PDMO7D5D,project_TML,,Tue - Sat,PLCN119D,,
PDMO757M,Project_LCR,LCR,,PLCR902M,Sep/08/26,Sep/05/26
PDMO7E5W,Project_IDQ_LHCI,LCS,Every Monday,PLCS706W,Sep/06/26,Jul/05/26
PDMO7E5W,Project_IDQ_LHCI,DMO,Every Monday,PDMO7E2M,Sep/05/26,Jul/05/26
PDMO749Q,project_EVL,LCS,"16BD (M-F)for:Mar,Jun,Sep,Dec",PLCS932Q,Sep/06/26,Sep/23/26
PDMO749Q,project_EVL,DMO,"16BD (M-F)for:Mar,Jun,Sep,Dec",PDMOLCSD,,Sep/23/26
PDMO749Q,project_EVL,DMO,"16BD (M-F)for:Mar,Jun,Sep,Dec",PDMOCLND,,Sep/23/26
PDMO749Q,project_EVL,DMO,"16BD (M-F)for:Mar,Jun,Sep,Dec",PDMODWHD,,Sep/23/26
PDMO767M,project_MAP,MBN,,PMBN570D,Sep/07/26,Sep/07/26
PDMO709M,project_EVL,MTG,1st Business Day (M-F)  11AM,PMTG448M,Sep/06/26,Sep/02/26
PDMO709M,project_EVL,LCS,1st Business Day (M-F)  11AM,PLCS932M,Sep/06/26,Sep/02/26
PDMO709M,project_EVL,CLN,1st Business Day (M-F)  11AM,PCLN379M,Sep/05/26,Sep/02/26
PDMO709M,project_EVL,CLN,1st Business Day (M-F)  11AM,PCLN356M,Sep/05/26,Sep/02/26
PDMO709M,project_EVL,DMO,1st Business Day (M-F)  11AM,PDMOLCSD,,Sep/02/26
PDMO709M,project_EVL,DMO,1st Business Day (M-F)  11AM,PDMOCLND,,Sep/02/26
PDMO709M,project_EVL,DMO,1st Business Day (M-F)  11AM,PDMODWHD,,Sep/02/26
PDMO700M,project_FRY,MTG,2nd Business Day of the month (M-F),PMTG771M,Sep/06/26,Sep/18/26
PDMO712M,project_DLQ,MTG,10th Business Day of the month (M-F),PMTG781M,Sep/06/26,Sep/06/26
PDMO719D,project_MTS,MTS,Mon - Fri,PMTS240D,Sep/04/26,Sep/04/26
PDMO719D,project_MTS,MTS,Mon - Fri,PMTS315D,,
PDMO7B8D,project_SBA,PEP,Mon - Fri,PPEP916D,,
PDMO723M,project_FRY,SAD,4th Business Day of the month (M-F),PSAD028M,Sep/04/26,Sep/18/26
PDMO003D,project_edw,DDA,Tues-Sat 7AM,PDDC400D,Sep/05/26,Oct/05/26
PDMO003D,project_edw,DDA,Tues-Sat 7AM,PDD1400D,Sep/05/26,Oct/05/26
PDMO003D,project_edw,DDA,Tues-Sat 7AM,PDD3400D,Sep/05/26,Oct/05/26
PDMO003D,project_edw,DDA,Tues-Sat 7AM,PDD4400D,Sep/05/26,Oct/05/26
PDMO003D,project_edw,TDA,Tues-Sat 7AM,PTD1340D,Sep/05/26,Oct/05/26
PDMO003D,project_edw,TDA,Tues-Sat 7AM,PTD3340D,Sep/05/26,Oct/05/26
PDMO003D,project_edw,TDA,Tues-Sat 7AM,PTD4340D,Sep/05/26,Oct/05/26
PDMO003D,project_edw,CIS,Tues-Sat 7AM,PCIS961D,Sep/05/26,Oct/05/26
PDMO003D,project_edw,CIS,Tues-Sat 7AM,PCIS963D,Sep/05/26,Oct/05/26
PDMO003D,project_edw,CIS,Tues-Sat 7AM,PCIS965D,Sep/05/26,Oct/05/26
PDMO003D,project_edw,CIS,Tues-Sat 7AM,PCIS967D,Sep/05/26,Oct/05/26
PDMO003D,project_edw,CIS,Tues-Sat 7AM,PCIS961M,Sep/05/26,Oct/05/26
PDMO003D,project_edw,CIS,Tues-Sat 7AM,PCIS963M,Sep/05/26,Oct/05/26
PDMO003D,project_edw,CIS,Tues-Sat 7AM,PCIS965M,Sep/05/26,Oct/05/26
PDMO003D,project_edw,CIS,Tues-Sat 7AM,PCIS967M,Sep/05/26,Oct/05/26
PDMO755D,Project_LCR,CIS,Tue - Sat,PCIS961D,Sep/05/26,Sep/05/26
PDMO755D,Project_LCR,CIS,Tue - Sat,PCIS963D,Sep/05/26,Sep/05/26
PDMO755D,Project_LCR,CIS,Tue - Sat,PCIS965D,Sep/05/26,Sep/05/26
PDMO755D,Project_LCR,CIS,Tue - Sat,PCIS967D,Sep/05/26,Sep/05/26
PDMO755D,Project_LCR,CIS,Tue - Sat,PCIS961M,Sep/05/26,Sep/05/26
PDMO755D,Project_LCR,CIS,Tue - Sat,PCIS963M,Sep/05/26,Sep/05/26
PDMO755D,Project_LCR,CIS,Tue - Sat,PCIS965M,Sep/05/26,Sep/05/26
PDMO755D,Project_LCR,CIS,Tue - Sat,PCIS967M,Sep/05/26,Sep/05/26
PDMO7F7D,project_RTP,DDA,Tue - Sat,PDD3400D,Sep/05/26,Sep/05/26
PDMO7F7D,project_RTP,DDA,Tue - Sat,PDDC400D,Sep/05/26,Sep/05/26
PDMO7F7D,project_RTP,DDA,Tue - Sat,PDD1400D,Sep/05/26,Sep/05/26
PDMO7F7D,project_RTP,DDA,Tue - Sat,PDD4400D,Sep/05/26,Sep/05/26
PDMO7F6D,project_RTP,RTP,Mon - Sun,PRTP100D,Sep/05/26,Sep/05/26
PDMO7F5D,project_RTP,RTP,Mon - Sun,PRTP700D,Sep/05/26,Sep/05/26
PDMO762D,project_LCR,DMO,Tue - Sat,PDMO755D,Sep/05/26,Sep/05/26
PDMO762D,project_LCR,DMO,Tue - Sat,PDMO757D,Sep/05/26,Sep/05/26
PDMO762D,project_LCR,DMO,Tue - Sat,PDMO7T0D,Sep/05/26,Sep/05/26
PDMO763D,project_LCR,DMO,Tue - Sat,PDMO762D,Sep/05/26,Sep/05/26
PDMO7W2W,Project_IDQ_LHCI,DMO,,PDMO7E8W,Sep/05/26,Sep/05/26
PDMO7G4D,project_PCI2,,Mon - Sun,PINP290D,,
PDMO7D2D,project_WDY,PPX,,PPPX742D,Sep/05/26,Sep/05/26
PDMO7X4D,UDM\AFS_CLN_DB2,CLN,6AM,PCLN183D,Sep/05/26,Sep/05/26
PDMO7X6D,Project_RRP,DMO,,PDMO7V7D,,
PDMO7X5M,Project_PAR,DMO,6th Business Day,PDMO750M,Sep/09/26,Sep/09/26
PDMO7Y3B,,CIS,,PCIS620B,Sep/05/26,Sep/05/26
PDMO7Y2M,,DMO,6th and 16th business day,PDMO7D8M,Sep/10/26,Sep/10/26
PDMO7Y2M,,DMO,6th and 16th business day,PDMO749Q,Sep/23/26,Sep/23/26
PDMO7R5M,UDM\AFS_CLN_Mthly_Curdol,CLN,Last Business Day of Every Month,PCL1355M,Sep/05/26,Sep/05/26
PDMO7R7M,UDM\AFS_CLN_Mthly_Futrdol,CLN,Last Business Day of Every Month,PCL1355M,Sep/05/26,Sep/05/26
PDMO7R6M,UDM\AFS_CLN_Mthly_Curdol,CLN,Last Business day of Every Month,PCL4355M,Sep/05/26,Sep/05/26
PDMO7R9M,UDM\AFS_CLN_Mthly_Futrdol,CLN,Last Business Day of very Month,PCL4355M,Sep/05/26,Sep/05/26
PDMO7S8D,UDM\AFS_CLN_Dly_Curdol,CLN,Mon - Fri,PCLN173D,Sep/05/26,Sep/05/26
PDMO7S9D,UDM\AFS_CLN_Dly_Curdol,CLN,Mon - Fri,PCLN173D,Sep/05/26,Sep/05/26
PDMO7V3D,UDM\AFS_CLN_DB2,CLN,Mon - Fri,PCLN183D,Sep/05/26,Sep/05/26
PDMO7S0Q,UDM\AFS_ESNC_Qtrly,CLN,"LAST BUSINESS DAY (M-F -Months March, June, Sep & Dec)",PCLN406Q,Sep/05/26,Sep/05/26
PDMO7S4D,UDM\AFS_CLN,CLN,Mon - Fri,PCLN453D,Sep/05/26,Sep/05/26
PDMO7S6D,UDM\AFS_CLN_Nonregfin,CLN,Mon - Fri,PCLN453D,Sep/05/26,Sep/05/26
PDMO7S5D,UDM\AFS_RTL,CLN,Mon - Fri,PCLN453D,Sep/05/26,Sep/05/26
PDMO7S7D,UDM\AFS_RTL_Nonregfin,CLN,Mon - Fri,PCLN453D,Sep/05/26,Sep/05/26
PDMO7R8M,UDM\DFP_Mthly,DFP,1st Business Day of the Month,PDFP304M,Sep/05/26,Sep/05/26
PDMO7V8D,UDM\AFS_CLN_Dly_Futrdol,DMO,Mon - Fri,PDMO7S8D,,
PDMO7V9D,UDM\AFS_CLN_Dly_Futrdol,DMO,Mon - Fri,PDMO7S9D,,
PDMO7R3D,Project_RCS,CIS,Tue - Sat not if it is 1st,PCIS967D,Sep/05/26,Sep/05/26
PDMO7R4D,Project_RCS,DDA,Tue - Sat,PDD1400D,Sep/05/26,Sep/05/26
PDMO7R4D,Project_RCS,DDA,Tue - Sat,PDDC400D,Sep/05/26,Sep/05/26
PDMO7R4D,Project_RCS,DDA,Tue - Sat,PDD3400D,Sep/05/26,Sep/05/26
PDMO7R4D,Project_RCS,DDA,Tue - Sat,PDD4400D,Sep/05/26,Sep/05/26
PDMO7T6D,,AXS,Tue - Sat,PAXS732D,Sep/06/26,Oct/01/26
PDMO7T8M,,DSS,Mon - Fri,PDSS773M,Sep/06/26,Sep/06/26
PDMO7W8D,project_CTR,DMO,Runs Tue to Sat 6:30 AM EST,PDMO7W7D,,
PDMO7Q2M,Project_IDF,DMO,12th Business Day,PDMO780D,,
PDMO7W0D,,DMO,,PDMO7W1D,,
PDMO7Q9D,Project_Treasury_Deposit\Canadian_Deposits,RPR,Mon - Fri,PRPR355D,Sep/04/26,Oct/01/26
PDMO7W3D,project_AMT,DMO,,PDMO7W1D,,
